xmodel,skybox_default_black
xmodel,skybox_default_day
xmodelmesh,t6_skyboxfb7b39d6
material,luts_t7_default
material,mc/mtl_skybox_default_black
material,mc/mtl_skybox_default_day
material,wc/color_blue
material,wc/color_grey
material,wc/color_white
material,wc/global_diffuse_green
material,wc/global_diffuse_red
material,wc/nt_2020_metal_beige
material,wc/script_color_green_trans
material,wc/script_color_orange_trans
material,wc/t7_ceramic_tile_shower_red
material,wc/t7_ceramic_tile_shower_white
material,wc/t7_concrete_pebbles_cracked
material,wc/t7_glass_smart_01_blue
material,wc/t7_metal_diamond_plate_worn
material,wc/t7_metal_panel_safehouse_mobile_03_red
techset,mc/sky_hdr#e6142445
techset,mc/sky_latlong_hdr#e6142445
techset,wc/lit#882572b8
techset,wc/lit_advanced#882572b8
techset,wc/lit_decal#882572b8
image,green_c
image,i_t7_ceramic_tile_shower_white_c
image,i_t7_ceramic_tile_shower_white_n
image,i_t7_concrete_pebbles_cracked_c
image,i_t7_concrete_pebbles_cracked_n
image,i_t7_glass_smart_01_n
image,i_t7_glass_smart_01_sml_c
image,i_t7_metal_diamond_plate_worn_c
image,i_t7_metal_diamond_plate_worn_n
image,i_t7_metal_panel_safehouse_moblie_03_color_s
image,i_t7_metal_panel_safehouse_moblie_03_g
image,i_t7_metal_panel_safehouse_moblie_03_n
image,i_t7_metal_panel_safehouse_moblie_03_o
image,img_luts_curve_blend
image,mp_triggertest_BC3_SRGB_combo
image,mp_triggertest_BC4_combo
image,mp_triggertest_BC7_SRGB_combo
image,mp_triggertest_BC7_combo
image,orange_c
image,skybox_default_black
image,skybox_default_day_ft
sound,mp_triggertest
col_map,maps/mp/mp_triggertest.d3dbsp
com_map,maps/mp/mp_triggertest.d3dbsp
game_map,maps/mp/mp_triggertest.d3dbsp
map_ents,maps/mp/mp_triggertest.d3dbsp
gfx_map,maps/mp/mp_triggertest.d3dbsp
scriptparsetree,scripts/mp/mp_triggertest.csc
scriptparsetree,scripts/mp/mp_triggertest.gsc
scriptparsetree,scripts/mp/mp_triggertest_fx.csc
scriptparsetree,scripts/mp/mp_triggertest_fx.gsc
scriptparsetree,scripts/mp/mp_triggertest_sound.csc
scriptparsetree,scripts/mp/mp_triggertest_sound.gsc
keyvaluepairs,mp_triggertest
texturecombo,mp_triggertest
navmesh,maps/mp/mp_triggertest_navmesh
